window,start,end,strategy,resolution,pricing_model,cadence_days,universe_size,universe,observations,initial_nav_usd,ending_nav_usd,gross_interest_usd,net_apr,gross_apr,gas_usd,turnover_nav,moves,liquidation_count,liquidation_repaid_usd,bad_debt_event_count,material_incident_count,principal_loss_usd,max_concentration,max_liquidity_shortfall,average_deployed_weight,minimum_deployed_weight,maximum_deployed_weight,final_idle_weight,daily_apr_volatility
oct10-cascade-7d,2025-10-10,2025-10-16,static-constrained,HOUR,post-impact,,4,"AA_FalconXUSDC, WBTC, cbBTC, wstETH",168,100000000.0,100056208.70700099,56388.70700098397,0.029308825793370213,0.02940268293622736,180.0,0.825,3,27,7685251.495898001,0,0,0.0,0.4675,0.22715679450799175,0.825,0.825,0.825,0.175,0.0008694025991848197
oct10-cascade-7d,2025-10-10,2025-10-16,spot-chaser(top2),HOUR,post-impact,1.0,4,"AA_FalconXUSDC, WBTC, cbBTC, wstETH",168,100000000.0,100037310.28764777,38870.28764777473,0.01945464998776825,0.020268078559196823,1560.0,13.0,26,27,7685251.495898001,0,0,0.0,0.5,0.8177087378447633,1.0,1.0,1.0,0.0,0.005922530389587208
oct10-cascade-7d,2025-10-10,2025-10-16,constrained-yield(1d),HOUR,post-impact,1.0,4,"AA_FalconXUSDC, WBTC, cbBTC, wstETH",168,100000000.0,100056197.56647061,56677.56647061079,0.02930301680253277,0.029553302516818484,480.0,0.9709633455505245,8,27,7685251.495898001,0,0,0.0,0.48,0.2028207239611516,0.8319214059689515,0.8006639294531599,0.8763278589063197,0.16963548664420486,0.0008613293080466489
oct10-cascade-7d,2025-10-10,2025-10-16,constrained-yield(3d),HOUR,post-impact,3.0,4,"AA_FalconXUSDC, WBTC, cbBTC, wstETH",168,100000000.0,100056517.95291057,56757.952910572436,0.029470075446227057,0.029595218303369912,240.0,0.89,4,27,7685251.495898001,0,0,0.0,0.4675,0.22715679450799175,0.8342857142857143,0.825,0.89,0.11,0.0007020744038257695
oct10-cascade-7d,2025-10-10,2025-10-16,constrained-yield(7d),HOUR,post-impact,7.0,4,"AA_FalconXUSDC, WBTC, cbBTC, wstETH",168,100000000.0,100056208.70700099,56388.70700098397,0.029308825793370213,0.02940268293622736,180.0,0.825,3,27,7685251.495898001,0,0,0.0,0.4675,0.22715679450799175,0.825,0.825,0.825,0.175,0.0008694025991848197
oct10-cascade-7d,2025-10-10,2025-10-16,constrained-yield(14d),HOUR,post-impact,14.0,4,"AA_FalconXUSDC, WBTC, cbBTC, wstETH",168,100000000.0,100056208.70700099,56388.70700098397,0.029308825793370213,0.02940268293622736,180.0,0.825,3,27,7685251.495898001,0,0,0.0,0.4675,0.22715679450799175,0.825,0.825,0.825,0.175,0.0008694025991848197
normal-2026-06-25-30d,2026-06-25,2026-07-24,static-constrained,DAY,post-impact,,8,"AA_FalconXUSDC, WBTC, WETH, cbBTC, stUSDS, weETH, wstETH, wstETH",30,100000000.0,100192935.82218836,193355.8221883591,0.02347385836625036,0.02352495836625036,420.0,0.86,7,13,74005.853331,0,0,0.0,0.4475,0.37826644558228617,0.86,0.86,0.86,0.14,0.0006031012339484393
normal-2026-06-25-30d,2026-06-25,2026-07-24,spot-chaser(top2),DAY,post-impact,1.0,8,"AA_FalconXUSDC, WBTC, WETH, cbBTC, stUSDS, weETH, wstETH, wstETH",30,100000000.0,100070636.62207556,77716.62207555804,0.00859412235252623,0.009455522352526228,7080.0,59.0,118,13,74005.853331,0,0,0.0,0.5,0.9858331501722196,1.0,1.0,1.0,0.0,0.0032487828384780036
normal-2026-06-25-30d,2026-06-25,2026-07-24,constrained-yield(1d),DAY,post-impact,1.0,8,"AA_FalconXUSDC, WBTC, WETH, cbBTC, stUSDS, weETH, wstETH, wstETH",30,100000000.0,100190970.42348696,191810.42348695785,0.02323473485757987,0.023336934857579872,840.0,0.9732942365930248,14,13,74005.853331,0,0,0.0,0.46474444864346476,0.36237998688048007,0.848017231577634,0.8418690926547292,0.88,0.15588645870180615,0.0005729152186341426
normal-2026-06-25-30d,2026-06-25,2026-07-24,constrained-yield(3d),DAY,post-impact,3.0,8,"AA_FalconXUSDC, WBTC, WETH, cbBTC, stUSDS, weETH, wstETH, wstETH",30,100000000.0,100192098.56462437,193118.5646243633,0.02337199202929753,0.023496092029297536,1020.0,1.0408981305158633,17,13,74005.853331,0,0,0.0,0.4825,0.372488238931785,0.8582270336560289,0.8394248503638982,0.8925,0.1464228366105719,0.0006050853187233748
normal-2026-06-25-30d,2026-06-25,2026-07-24,constrained-yield(7d),DAY,post-impact,7.0,8,"AA_FalconXUSDC, WBTC, WETH, cbBTC, stUSDS, weETH, wstETH, wstETH",30,100000000.0,100191933.67864309,192533.6786430908,0.02335193090157605,0.023424930901576047,600.0,0.9281309073452708,10,13,74005.853331,0,0,0.0,0.4725,0.3851355382370153,0.8519329710352924,0.8418690926547292,0.8668690926547292,0.15813090734527088,0.0006384842863237968
normal-2026-06-25-30d,2026-06-25,2026-07-24,constrained-yield(14d),DAY,post-impact,14.0,8,"AA_FalconXUSDC, WBTC, WETH, cbBTC, stUSDS, weETH, wstETH, wstETH",30,100000000.0,100192682.5587481,193162.55874809824,0.023443044647685284,0.023501444647685287,480.0,0.8821574243080728,8,13,74005.853331,0,0,0.0,0.4475,0.37826644558228617,0.8585228383794619,0.8378425756919272,0.86,0.16215742430807278,0.0005934195938906724
normal-2026-04-21-30d,2026-04-21,2026-05-20,static-constrained,DAY,post-impact,,6,"AA_FalconXUSDC, WBTC, WETH, cbBTC, dCOMP, wstETH",30,100000000.0,100171729.19645724,171969.19645723974,0.020893718902297503,0.020922918902297503,240.0,0.8275,4,7,2139.3775190000006,0,0,0.0,0.4525,0.4264397196840016,0.8275,0.8275,0.8275,0.1725,0.0009778760579460368
normal-2026-04-21-30d,2026-04-21,2026-05-20,spot-chaser(top2),DAY,post-impact,1.0,6,"AA_FalconXUSDC, WBTC, WETH, cbBTC, dCOMP, wstETH",30,100000000.0,100085160.44775261,92240.4477526145,0.010361187809901433,0.011222587809901432,7080.0,59.0,118,7,2139.3775190000006,0,0,0.0,0.5,0.9551362296468792,1.0,1.0,1.0,0.0,0.003759385305749852
normal-2026-04-21-30d,2026-04-21,2026-05-20,constrained-yield(1d),DAY,post-impact,1.0,6,"AA_FalconXUSDC, WBTC, WETH, cbBTC, dCOMP, wstETH",30,100000000.0,100168785.67156714,169565.6715671467,0.020535590040669516,0.020630490040669514,780.0,1.1447338106168514,13,7,2139.3775190000006,0,0,0.0,0.4525,0.36140117880794637,0.808666529716054,0.7556038456508677,0.9012413903121842,0.17277411156666428,0.001149244925293523
normal-2026-04-21-30d,2026-04-21,2026-05-20,constrained-yield(3d),DAY,post-impact,3.0,6,"AA_FalconXUSDC, WBTC, WETH, cbBTC, dCOMP, wstETH",30,100000000.0,100168987.97089662,169587.97089662185,0.02056020312575566,0.02063320312575566,600.0,0.9264288837301853,10,7,2139.3775190000006,0,0,0.0,0.4525,0.4264397196840016,0.8089998906944351,0.7967855581349074,0.8275,0.185,0.0009462293606955992
normal-2026-04-21-30d,2026-04-21,2026-05-20,constrained-yield(7d),DAY,post-impact,7.0,6,"AA_FalconXUSDC, WBTC, WETH, cbBTC, dCOMP, wstETH",30,100000000.0,100170387.25675006,170687.25675006927,0.020730449571258427,0.020766949571258426,300.0,0.8399378480892011,5,7,2139.3775190000006,0,0,0.0,0.4525,0.4264397196840016,0.8179643164649458,0.8150621519107989,0.8275,0.18493784808920116,0.0009104940523156109
normal-2026-04-21-30d,2026-04-21,2026-05-20,constrained-yield(14d),DAY,post-impact,14.0,6,"AA_FalconXUSDC, WBTC, WETH, cbBTC, dCOMP, wstETH",30,100000000.0,100170467.50424996,170827.50424996586,0.02074021301707918,0.02078401301707918,360.0,0.8567092008863119,6,7,2139.3775190000006,0,0,0.0,0.4525,0.4264397196840016,0.8191845197931938,0.810395399556844,0.8275,0.1775,0.0008835149490075788
